<?xml version="1.0" encoding="UTF-8"?>
<project-private xmlns="http://www.netbeans.org/ns/project-private/1">
    <editor-bookmarks xmlns="http://www.netbeans.org/ns/editor-bookmarks/2" lastBookmarkId="1">
        <file>
            <url>src/menuutama/DialogTambahData.java</url>
            <bookmark id="1">
                <name/>
                <line>71</line>
                <key/>
            </bookmark>
        </file>
    </editor-bookmarks>
    <open-files xmlns="http://www.netbeans.org/ns/projectui-open-files/2">
        <group>
            <file>file:/C:/Users/The-Silver001/Documents/NetBeansProjects/DSS_PenerimaanKaryawanParuhWaktu/src/LoginAdmin/Register.java</file>
            <file>file:/C:/Users/The-Silver001/Documents/NetBeansProjects/DSS_PenerimaanKaryawanParuhWaktu/src/menuutama/Seleksi.java</file>
            <file>file:/C:/Users/The-Silver001/Documents/NetBeansProjects/DSS_PenerimaanKaryawanParuhWaktu/src/menuutama/DataCalonPelamar.java</file>
            <file>file:/C:/Users/The-Silver001/Documents/NetBeansProjects/DSS_PenerimaanKaryawanParuhWaktu/src/menuutama/MenuUtama.java</file>
            <file>file:/C:/Users/The-Silver001/Documents/NetBeansProjects/DSS_PenerimaanKaryawanParuhWaktu/src/menuutama/PengaturanSubKriteria.java</file>
            <file>file:/C:/Users/The-Silver001/Documents/NetBeansProjects/DSS_PenerimaanKaryawanParuhWaktu/src/LoginAdmin/Login.java</file>
            <file>file:/C:/Users/The-Silver001/Documents/NetBeansProjects/DSS_PenerimaanKaryawanParuhWaktu/src/menuutama/KriteriaAhp.java</file>
            <file>file:/C:/Users/The-Silver001/Documents/NetBeansProjects/DSS_PenerimaanKaryawanParuhWaktu/src/menuutama/DialogPerhitunganAHP.java</file>
            <file>file:/C:/Users/The-Silver001/Documents/NetBeansProjects/DSS_PenerimaanKaryawanParuhWaktu/src/menuutama/DialogTambahData.java</file>
            <file>file:/C:/Users/The-Silver001/Documents/NetBeansProjects/DSS_PenerimaanKaryawanParuhWaktu/src/menuutama/PengaturanKriteria.java</file>
        </group>
    </open-files>
</project-private>
